Andaman and Nicobar (AN),State,,,,
NI,Nicobar,Car Nicobar,"36,819","1,841",20
NA,North and Middle Andaman,Mayabunder,"105,539","3,227",32
SA,South Andaman,Port Blair,"237,586","3,181",75
Andhra Pradesh (AP),State,,,,
AN,Anantapur,Anantapur,"4,083,315","19,130",213
CH,Chittoor,Chittoor,"4,170,468","15,152",275
EG,East Godavari,Kakinada,"5,151,549","10,807",477
GU,Guntur,Guntur,"4,889,230","11,391",429
CU,Kadapa,Kadapa,"2,884,524","15,359",188
KR,Krishna,Machilipatnam,"4,529,009","8,727",519
KU,Kurnool,Kurnool,"4,046,601","17,658",229
PR,Prakasam,Ongole,"3,392,764","17,626",192
NE,Sri Potti Sriramulu Nellore,Nellore,"2,966,082","13,076",227
SR,Srikakulam,Srikakulam,"2,699,471","5,837",462
VS,Visakhapatnam,Visakhapatnam,"4,288,113","11,161",384
VZ,Vizianagaram,Vizianagaram,"2,342,868","6,539",358
WG,West Godavari,Eluru,"3,934,782","7,742",508
Arunachal Pradesh (AR),State,,,,
AJ,Anjaw,Hawai,"21,089","6,190",3
CH,Changlang,Changlang,"147,951","4,662",32
EK,East Kameng,Seppa,"78,413","4,134",19
ES,East Siang,Pasighat,"99,019","3,603",27
Not Yet Assigned,Kamle,Raga,"22,256",Pending,Pending
Not Yet Assigned,Kra Daadi,Jamin,Survey Pending,Pending,Pending
KK,Kurung Kumey,Koloriang,"89,717","6,040",15
Not Yet Assigned,Lepa-Rada,Basar,Survey Pending,Pending,Pending
EL,Lohit,Tezu,"145,538","2,402",61
LD,Longding,Longding,Survey Pending,Pending,Pending
DV,Lower Dibang Valley,Roing,"53,986","3,900",14
Not Yet Assigned,Lower Siang,Likabali,Survey Pending,Pending,Pending
LB,Lower Subansiri,Ziro,"82,839","3,508",24
Not Yet Assigned,Namsai,Namsai,Survey Pending,Pending,Pending
Not Yet Assigned,Pakke-Kessang,Lemmi,Survey Pending,Pending,Pending
PA,Papum Pare,Yupia,"176,385","2,875",61
Not Yet Assigned,Shi-Yomi,Tato,Survey Pending,Pending,Pending
Not Yet Assigned,Siang,Pangin,Survey Pending,Pending,Pending
TA,Tawang,Tawang Town,"49,950","2,085",24
TI,Tirap,Khonsa,"111,997","2,362",47
UD,Upper Dibang Valley,Anini,"7,948","9,129",1
US,Upper Siang,Yingkiong,"35,289","6,188",6
UB,Upper Subansiri,Daporijo,"83,205","7,032",12
WK,West Kameng,Bomdila,"87,013","7,422",12
WS,West Siang,Along,"112,272","8,325",13
Assam (AS)[edit],State,,,,
BK,Baksa[7],Mushalpur,"953,773","2,008",475
BP,Barpeta,Barpeta,"1,693,190","3,245",522
BS,Bishwanath[8],Bishwanath Chariali,"5,80,000","1,100",527
BO,Bongaigaon,Bongaigaon,"732,639","1,724",425
CA,Cachar,Silchar,"1,736,319","3,786",459
CD,Charaideo[8],Sonari,Survey Pending,Pending,Pending
CH,Chirang[7],Kajalgaon,"481,818","1,975",244
DR,Darrang,Mangaldoi,"908,090","1,849",491
DM,Dhemaji,Dhemaji,"688,077","3,237",213
DU,Dhubri,Dhubri,"1,948,632","2,838",687
DI,Dibrugarh,Dibrugarh,"1,327,748","3,381",393
NC,Dima Hasao,Haflong,"213,529","4,888",44
GP,Goalpara,Goalpara,"1,008,959","1,824",553
GG,Golaghat,Golaghat,"1,058,674","3,502",302
HA,Hailakandi,Hailakandi,"659,260","1,327",497
HJ,Hojai[8],Hojai,"347,627",Pending,Pending
JO,Jorhat,Jorhat,"1,091,295","2,851",383
KU,Kamrup,Amingaon,"1,517,202","3,480",436
KM,Kamrup Metropolitan,Guwahati,"1,260,419",627,"2,010"
KG,Karbi Anglong,Diphu,"965,280","10,434",93
KR,Karimganj,Karimganj,"1,217,002","1,809",673
KJ,Kokrajhar[7],Kokrajhar,"886,999","3,129",283
LA,Lakhimpur,North Lakhimpur,"1,040,644","2,277",457
MJ,Majuli[9],Garamur,"167,304","1,250",134
MA,Morigaon,Marigaon,"957,853","1,704",562
NN,Nagaon,Nagaon,"2,826,006","3,831",738
NB,Nalbari,Nalbari,"769,919","1,009",763
ST,Sivasagar,Sibsagar,"1,150,253","2,668",431
SM,South Salmara-Mankachar[8],Hatsingimari,Survey Pending,Pending,Pending
SO,Sonitpur,Tezpur,"1,925,975","5,324",362
TI,Tinsukia,Tinsukia,"1,316,948","3,790",347
UD,Udalguri[7],Udalguri,"832,769","1,676",497
WK,West Karbi Anglong[8],Hamren,Survey Pending,Pending,Pending
Bihar (BR)[edit],State,,,,
AR,Araria,Araria,"2,806,200","2,829",992
AR,Arwal,Arwal,"700,843",638,"1,098"
AU,Aurangabad,Aurangabad,"2,511,243","3,303",760
BA,Banka,Banka,"2,029,339","3,018",672
BE,Begusarai,Begusarai,"2,954,367","1,917","1,540"
BG,Bhagalpur,Bhagalpur,"3,032,226","2,569","1,180"
BJ,Bhojpur,Arrah,"2,720,155","2,473","1,136"
BU,Buxar,Buxar,"1,707,643","1,624","1,003"
DA,Darbhanga,Darbhanga,"3,921,971","2,278","1,721"
EC,East Champaran,Motihari,"5,082,868","3,969","1,281"
GA,Gaya,Gaya,"4,379,383","4,978",880
GO,Gopalganj,Gopalganj,"2,558,037","2,033","1,258"
JA,Jamui,Jamui,"1,756,078","3,099",567
JE,Jehanabad,Jehanabad,"1,124,176","1,569","1,206"
KM,Kaimur,Bhabua,"1,626,900","3,363",488
KT,Katihar,Katihar,"3,068,149","3,056","1,004"
KH,Khagaria,Khagaria,"1,657,599","1,486","1,115"
KI,Kishanganj,Kishanganj,"1,690,948","1,884",898
LA,Lakhisarai,Lakhisarai,"1,000,717","1,229",815
MP,Madhepura,Madhepura,"1,994,618","1,787","1,116"
MB,Madhubani,Madhubani,"4,476,044","3,501","1,279"
MG,Munger,Munger,"1,359,054","1,419",958
MZ,Muzaffarpur,Muzaffarpur,"4,778,610","3,173","1,506"
NL,Nalanda,Bihar Sharif,"2,872,523","2,354","1,220"
NW,Nawada,Nawada,"2,216,653","2,492",889
PA,Patna,Patna,"5,772,804","3,202","1,803"
PU,Purnia,Purnia,"3,273,127","3,228","1,014"
RO,Rohtas,Sasaram,"2,962,593","3,850",763
SH,Saharsa,Saharsa,"1,897,102","1,702","1,125"
SM,Samastipur,Samastipur,"4,254,782","2,905","1,465"
SR,Saran,Chhapra,"3,943,098","2,641","1,493"
SP,Sheikhpura,Sheikhpura,"634,927",689,922
SO,Sheohar,Sheohar,"656,916",443,"1,882"
ST,Sitamarhi,Sitamarhi,"3,419,622","2,199","1,491"
SW,Siwan,Siwan,"3,318,176","2,219","1,495"
SU,Supaul,Supaul,"2,228,397","2,410",919
VA,Vaishali,Hajipur,"3,495,021","2,036","1,717"
WC,West Champaran,Bettiah,"3,935,042","5,229",753
Chandigarh (CH)[edit],State,,,,
CH,Chandigarh,Chandigarh,"1,054,686",114,"9,252"
Chhattisgarh (CG)[edit],State,,,,
Not Yet Assigned,Balod,Balod,"826,165","3,527",234
Not Yet Assigned,Baloda Bazar,Baloda Bazar,,,
Not Yet Assigned,Balrampur,Balrampur,"598,855","3,806",157
BA,Bastar,Jagdalpur,"1,302,253","4,030",87
Not Yet Assigned,Bemetara,Bemetara,"197,035","2,855",69
BJ,Bijapur,Bijapur,"229,832","6,562",35
BI,Bilaspur,Bilaspur,"1,961,922","5,818",337
DA,Dantewada,Dantewada,"533,638","3,411",59
DH,Dhamtari,Dhamtari,"799,199","2,029",394
DU,Durg,Durg,"3,343,079","8,542",391
Not Yet Assigned,Gariaband,Gariaband,,,
JC,Janjgir-Champa,Naila Janjgir,"1,620,632","3,848",421
JA,Jashpur,Jashpur Nagar,"852,043","5,825",146
KW,Kabirdham (Kawardha),Kawardha,"584,667","4,237",195
KK,Kanker,Kanker,"748,593","6,513",115
Not Yet Assigned,Kondagaon,Kondagaon,,,
KB,Korba,Korba,"1,206,563","6,615",183
KJ,Korea,Baikunthpur,"659,039","6,578",100
MA,Mahasamund,Mahasamund,"1,032,275","4,779",216
Not Yet Assigned,Mungeli,Mungeli,,,
NR,Narayanpur,Narayanpur,"140,206","6,640",20
RG,Raigarh,Raigarh,"1,493,627","7,068",211
RP,Raipur,Raipur,"4,062,160","13,083",310
RN,Rajnandgaon,Rajnandgaon,"1,537,520","8,062",191
SK,Sukma,Sukma,"249,000","5,636",49
SJ,Surajpur,Surajpur,"660,280","6,787",150
SJ,Surguja,Ambikapur,"420,661","3,265",150
Dadra and Nagar Haveli (DN)[edit],State,,,,
DN,Dadra and Nagar Haveli,Silvassa,"342,853",704,698
Daman and Diu (DD)[edit],State,,,,
DA,Daman,Daman,"190,855",72,"2,651"
DI,Diu,Diu,"52,056",40,"1,301"
Delhi (DL)[edit],State,,,,
CD,Central Delhi,Daryaganj,"578,671",25,"23,149"
ED,East Delhi,Preet Vihar,"1,707,725",440,"26,683"
ND,New Delhi,Connaught Place,"133,713",22,"3,820"
NO,North Delhi,Sadar Bazaar,"883,418",59,"14,973"
NE,North East Delhi,Shahdara,"2,240,749",52,"37,346"
NW,North West Delhi,Kanjhawala,"3,651,261",130,"8,298"
Not Yet Assigned,Shahdara,Shahdara,,,
SD,South Delhi,Saket,"2,733,752",250,"10,935"
Not Yet Assigned,South East Delhi,Defence Colony,,,
SW,South West Delhi,Vasant Vihar,"2,292,363",395,"5,445"
WD,West Delhi,Rajouri Garden,"2,531,583",112,"19,625"
Goa (GA)[edit],State,,,,
NG,North Goa,Panaji,"817,761","1,736",471
SG,South Goa,Margao,"639,962","1,966",326
Gujarat (GJ)[edit],State,,,,
AH,Ahmedabad,Ahmedabad,"7,208,200","8,707",890
AM,Amreli,Amreli,"1,513,614","6,760",205
AN,Anand,Anand,"2,090,276","2,942",711
AR,Aravalli,Modasa,"1,051,746","3,217",327
BK,Banaskantha,Palanpur,"3,116,045","12,703",290
BR,Bharuch,Bharuch,"1,550,822","6,524",238
BV,Bhavnagar,Bhavnagar,"2,877,961","11,155",288
BT,Botad,Botad,"656,005","2,564",256
CU,Chhota Udepur,Chhota Udepur,"1,071,831","3,237",331
DA,Dahod,Dahod,"2,126,558","3,642",582
DG,Dang,Ahwa,"226,769","1,764",129
DD,Devbhoomi Dwarka,Khambhalia,"752,484","5,684",132
GA,Gandhinagar,Gandhinagar,"1,387,478",649,660
GS,Gir Somnath,Veraval,"1,217,477","3,754",324
JA,Jamnagar,Jamnagar,"2,159,130","14,125",153
JU,Junagadh,Junagadh,"2,742,291","8,839",310
KH,Kheda,Nadiad,"2,298,934","4,215",541
KA,Kutch,Bhuj,"2,090,313","45,652",46
MH,Mahisagar,Lunavada,"994,624","2,500",398
MA,Mehsana,Mehsana,"2,027,727","4,386",462
MB,Morbi,Morbi,"960,329","4,871",197
NR,Narmada,Rajpipla,"590,379","2,749",214
NV,Navsari,Navsari,"1,330,711","2,211",602
PM,Panchmahal,Godhra,"2,388,267","5,219",458
PA,Patan,Patan,"1,342,746","5,738",234
PO,Porbandar,Porbandar,"586,062","2,294",255
RA,Rajkot,Rajkot,"3,157,676","11,203",282
SK,Sabarkantha,Himatnagar,"2,427,346","7,390",328
ST,Surat,Surat,"4,996,391","4,327",653
SN,Surendranagar,Surendranagar,"1,755,873","10,489",167
TA,Tapi,Vyara,"806,489","3,435",249
VD,Vadodara,Vadodara,"3,639,775","7,794",467
VL,Valsad,Valsad,"1,703,068","3,034",561
Haryana (HR)[edit],State,,,,
AM,Ambala,Ambala,"1,136,784","1,569",722
BH,Bhiwani,Bhiwani,"1,629,109","5,140",341
Not Yet Assigned,Charkhi Dadri,Charkhi Dadri,Survey Pending,Pending,Pending
FR,Faridabad,Faridabad,"1,798,954",783,"2,298"
FT,Fatehabad,Fatehabad,"941,522","2,538",371
GU,Gurugram,Gurugram,"1,514,085","2,760","1,241"
HI,Hissar,Hissar,"1,742,815","3,788",438
JH,Jhajjar,Jhajjar,"956,907","1,868",522
JI,Jind,Jind,"1,332,042","2,702",493
KT,Kaithal,Kaithal,"1,072,861","2,799",467
KR,Karnal,Karnal,"1,506,323","2,471",598
KU,Kurukshetra,Kurukshetra,"964,231","1,530",630
MA,Mahendragarh,Narnaul,"921,680","1,900",485
MW,Nuh,Nuh,"1,089,406","1,765",729
PW,Palwal,Palwal,"1,040,493","1,367",761
PK,Panchkula,Panchkula,"558,890",816,622
PP,Panipat,Panipat,"1,202,811","1,250",949
RE,Rewari,Rewari,"896,129","1,559",562
RO,Rohtak,Rohtak,"1,058,683","1,668",607
SI,Sirsa,Sirsa,"1,295,114","4,276",303
SNP,Sonipat,Sonipat,"1,480,080","2,260",697
YN,Yamuna Nagar,Yamuna Nagar,"1,214,162","1,756",687
Himachal Pradesh (HP)[edit],State,,,,
BI,Bilaspur,Bilaspur,"382,056","1,167",327
CH,Chamba,Chamba,"518,844","6,528",80
HA,Hamirpur,Hamirpur,"454,293","1,118",406
KA,Kangra,Dharamshala,"1,507,223","5,739",263
KI,Kinnaur,Reckong Peo,"84,298","6,401",13
KU,Kullu,Kullu,"437,474","5,503",79
LS,Lahaul and Spiti,Keylong,"31,528","13,835",2
MA,Mandi,Mandi,"999,518","3,950",253
SH,Shimla,Shimla,"813,384","5,131",159
SI,Sirmaur,Nahan,"530,164","2,825",188
SO,Solan,Solan,"576,670","1,936",298
UNA,Una,Una,"521,057","1,540",328
Jammu and Kashmir (JK)[edit],State,,,,
AN,Anantnag,Anantnag,"1,070,144",2853,375
BPR,Bandipora,Bandipore,"385,099","3,010",128
BR,Baramulla,Baramulla,"1,015,503",3329,305
BD,Badgam,Badgam,"735,753",1406,537
DO,Doda,Doda,"409,576","11,691",79
GB,Ganderbal,Ganderbal,"297,003",258,"1,151"
JA,Jammu,Jammu,"1,526,406","3,097",596
KR,Kargil,Kargil,"143,388","14,036",10
KT,Kathua,Kathua,"615,711","2,651",232
KW,Kishtwar,Kishtwar,"230,696",7737,30
KG,Kulgam,Kulgam,"422,786",457,925
KU,Kupwara,Kupwara,"875,564","2,379",368
LE,Leh,Leh,"147,104","45,110",3
PO,Poonch,Poonch,"476,820","1,674",285
PU,Pulwama,Pulwama,"570,060","1,398",598
RA,Rajouri,Rajouri,"619,266","2,630",235
RB,Ramban,Ramban,"283,313","1,330",213
RS,Reasi,Reasi,"314,714",1710,184
SB,Samba,Samba,"318,611",913,318
SH,Shopian,Shupiyan,"265,960",312,852
SR,Srinagar,Srinagar,"1,269,751","2,228",703
UD,Udhampur,Udhampur,"555,357","4,550",211
Jharkhand (JH)[edit],State,,,,
BO,Bokaro,Bokaro,"2,061,918","2,861",716
CH,Chatra,Chatra,"1,042,304","3,700",275
DE,Deoghar,Deoghar,"1,491,879","2,479",602
DH,Dhanbad,Dhanbad,"2,682,662","2,075","1,284"
DU,Dumka,Dumka,"1,321,096","4,404",300
ES,East Singhbhum,Jamshedpur,"2,291,032","3,533",648
GA,Garhwa,Garhwa,"1,322,387","4,064",327
GI,Giridih,Giridih,"2,445,203","4,887",497
GO,Godda,Godda,"1,311,382","2,110",622
GU,Gumla,Gumla,"1,025,656",5327,193
HA,Hazaribag,Hazaribag,"1,734,005","4,302",403
JA,Jamtara,Jamtara,"790,207","1,802",439
KH,Khunti,Khunti,"530,299","2,467",215
KO,Koderma,Koderma,"717,169","1,312",427
LA,Latehar,Latehar,"725,673","3,630",200
LO,Lohardaga,Lohardaga,"461,738","1,494",310
PK,Pakur,Pakur,"899,200","1,805",498
PL,Palamu,Daltonganj,"1,936,319","5,082",381
RM,Ramgarh,Ramgarh,"949,159","1,212",684
RA,Ranchi,Ranchi,"2,912,022","7,974",557
SA,Sahibganj,Sahebganj,"1,150,038","1,599",719
SK,Seraikela Kharsawan,Seraikela,"1,063,458","2,725",390
SI,Simdega,Simdega,"599,813","3,750",160
WS,West Singhbhum,Chaibasa,"1,501,619","7,186",209
Karnataka (KA)[edit],State,,,,
BK,Bagalkot,Bagalkot,"1,890,826","6,583",288
BL,Ballari,Ballari,"2,532,383","8,439",300
BG,Belagavi,Belagavi,"4,778,439","13,415",356
BR,Bengaluru Rural,Bengaluru,"987,257","2,239",441
BN,Bengaluru Urban,Bengaluru,"9,588,910","2,190","4,378"
BD,Bidar,Bidar,"1,700,018","5,448",312
CJ,Chamarajnagar,Chamarajanagar,"1,020,962","5,102",200
CK,Chikkaballapur,Chikkaballapur,"1,254,377","4,208",298
CK,Chikkamagaluru,Chikmagalur,"1,137,753","7,201",158
CT,Chitradurga,Chitradurga,"1,660,378","8,437",197
DK,Dakshina Kannada,Mangaluru,"2,083,625","4,559",457
DA,Davanagere,Davangere,"1,946,905","5,926",329
DH,Dharwad,Dharwad,"1,846,993","4,265",434
GA,Gadag,Gadag-Betageri,"1,065,235","4,651",229
HS,Hassan,Hassan,"1,776,221","6,814",261
HV,Haveri,Haveri,"1,598,506","4,825",331
GU,Kalaburagi,Kalaburagi,"2,564,892","10,990",233
KD,Kodagu,Madikeri,"554,762","4,102",135
KL,Kolar,Kolar,"1,540,231","4,012",384
KP,Koppal,Koppal,"1,391,292","5,565",250
MA,Mandya,Mandya,"1,808,680","4,961",365
MY,Mysuru,Mysuru,"2,994,744","6,854",437
RA,Raichur,Raichur,"1,924,773","6,839",228
RM,Ramanagara,Ramanagara,"1,082,739","3,573",303
SH,Shivamogga,Shivamogga,"1,755,512","8,495",207
TU,Tumakuru,Tumakuru,"2,681,449","10,598",253
UD,Udupi,Udupi,"1,177,908","3,879",304
UK,Uttara Kannada,Karwar,"1,353,299","10,291",132
BJ,Vijayapura,Vijayapura,"2,175,102","10,517",207
YG,Yadgir,Yadgir,"1,172,985","5,225",224
Kerala (KL)[edit],State,,,,
AL,Alappuzha,Alappuzha,"2,121,943","1,414",Map
ER,Ernakulam,Kakkanad,"3,279,860","2,951",Map
ID,Idukki,Painavu,"1,107,453","4,479",Map
KN,Kannur,Kannur,"2,525,637","2,966",Map
KS,Kasaragod,Kasaragod,"1,302,600","1,992",Map
KL,Kollam,Kollam,"2,629,703","2,498",Map
KT,Kottayam,Kottayam,"1,979,384","2,203",Map
KZ,Kozhikode,Kozhikode,"3,089,543","2,345",Map
MA,Malappuram,Malappuram,"4,110,956","3,550",Map
PL,Palakkad,Palakkad,"2,810,892","4,480",Map
PT,Pathanamthitta,Pathanamthitta,"1,195,537","2,462",Map
TS,Thrissur,Thrissur,"3,110,327","3,032",Map
TV,Thiruvananthapuram,Thiruvananthapuram,"3,307,284","2,192",Map
WA,Wayanad,Kalpetta,"816,558","2,131",Map
Lakshadweep (LD)[edit],State,,,,
LD,Lakshadweep,Kavaratti,"64,429",32,"2,013"
Madhya Pradesh (MP)[edit],State,,,,
AG,Agar Malwa,Agar,Survey Pending,Pending,Pending
AL,Alirajpur,Alirajpur,"728,677","3,182",229
AP,Anuppur,Anuppur,"749,521","3,747",200
AS,Ashok Nagar,Ashok Nagar,"844,979","4,674",181
BL,Balaghat,Balaghat,"1,701,156","9,229",184
BR,Barwani,Barwani,"1,385,659","5,432",256
BE,Betul,Betul,"1,575,247","10,043",157
BD,Bhind,Bhind,"1,703,562","4,459",382
BP,Bhopal,Bhopal,"2,368,145","2,772",854
BU,Burhanpur,Burhanpur,"756,993","3,427",221
CT,Chhatarpur,Chhatarpur,"1,762,857","8,687",203
CN,Chhindwara,Chhindwara,"2,090,306","11,815",177
DM,Damoh,Damoh,"1,263,703","7,306",173
DT,Datia,Datia,"786,375","2,694",292
DE,Dewas,Dewas,"1,563,107","7,020",223
DH,Dhar,Dhar,"2,184,672","8,153",268
DI,Dindori,Dindori,"704,218","7,427",94
GU,Guna,Guna,"1,240,938","6,485",194
GW,Gwalior,Gwalior,"2,030,543","5,465",445
HA,Harda,Harda,"570,302","3,339",171
HO,Hoshangabad,Hoshangabad,"1,240,975","6,698",185
IN,Indore,Indore,"3,272,335","3,898",839
JA,Jabalpur,Jabalpur,"2,460,714","5,210",472
JH,Jhabua,Jhabua,"1,024,091","6,782",285
KA,Katni,Katni,"1,291,684","4,947",261
EN,Khandwa (East Nimar),Khandwa,"1,309,443","7,349",178
WN,Khargone (West Nimar),Khargone,"1,872,413","8,010",233
ML,Mandla,Mandla,"1,053,522","5,805",182
MS,Mandsaur,Mandsaur,"1,339,832","5,530",242
MO,Morena,Morena,"1,965,137","4,991",394
NA,Narsinghpur,Narsinghpur,"1,092,141","5,133",213
NE,Neemuch,Neemuch,"825,958","4,267",194
Not yet assigned,Niwari,Niwari,Survey Pending,Pending,Pending
PA,Panna,Panna,"1,016,028","7,135",142
RS,Raisen,Raisen,"1,331,699","8,466",157
RG,Rajgarh,Rajgarh,"1,546,541","6,143",251
RL,Ratlam,Ratlam,"1,454,483","4,861",299
RE,Rewa,Rewa,"2,363,744","6,314",374
SG,Sagar,Sagar,"2,378,295","10,252",272
ST,Satna,Satna,"2,228,619","7,502",297
SR,Sehore,Sehore,"1,311,008","6,578",199
SO,Seoni,Seoni,"1,378,876","8,758",157
SH,Shahdol,Shahdol,"1,064,989","6,205",172
SJ,Shajapur,Shajapur,"1,512,353","6,196",244
SP,Sheopur,Sheopur,"687,952","6,585",104
SV,Shivpuri,Shivpuri,"1,725,818","10,290",168
SI,Sidhi,Sidhi,"1,126,515","10,520",232
SN,Singrauli,Waidhan,"1,178,132","5,672",208
TI,Tikamgarh,Tikamgarh,"1,444,920","5,055",286
UJ,Ujjain,Ujjain,"1,986,864","6,091",356
UM,Umaria,Umaria,"643,579","4,062",158
VI,Vidisha,Vidisha,"1,458,212","7,362",198
Maharashtra (MH)[edit],State,,,,
AH,Ahmednagar,Ahmednagar,"4,543,083","17,048",266
AK,Akola,Akola,"1,818,617","5,429",321
AM,Amravati,Amravati,"2,887,826","12,235",237
AU,Aurangabad,Aurangabad,"3,695,928","10,107",365
BI,Beed,Beed,"2,585,962","10,693",242
BH,Bhandara,Bhandara,"1,198,810","3,890",293
BU,Buldhana,Buldhana,"2,588,039","9,661",268
CH,Chandrapur,Chandrapur,"2,194,262","11,443",192
DH,Dhule,Dhule,"2,048,781","8,095",285
GA,Gadchiroli,Gadchiroli,"1,071,795","14,412",74
GO,Gondia,Gondia,"1,322,331","5,431",253
HI,Hingoli,Hingoli,"1,178,973","4,526",244
JG,Jalgaon,Jalgaon,"4,224,442","11,765",359
JN,Jalna,Jalna,"1,958,483","7,718",255
KO,Kolhapur,Kolhapur,"3,874,015","7,685",504
LA,Latur,Latur,"2,455,543","7,157",343
MC,Mumbai City,Mumbai,"3,145,966",69,"20,038"
MU,Mumbai suburban,Bandra (East),"9,332,481",369,"20,925"
ND,Nanded,Nanded,"3,356,566","10,528",319
NB,Nandurbar,Nandurbar,"1,646,177","5,055",276
NG,Nagpur,Nagpur,"4,653,171","9,892",470
NS,Nashik,Nashik,"6,109,052","15,539",393
OS,Osmanabad,Osmanabad,"1,660,311","7,569",219
Not Yet Assigned,Palghar,Palghar,Survey Pending,Pending,Pending
PA,Parbhani,Parbhani,"1,835,982","6,511",295
PU,Pune,Pune,"9,426,959","15,643",603
RG,Raigad,Alibag,"2,635,394","7,152",368
RT,Ratnagiri,Ratnagiri,"1,612,672","8,208",196
SN,Sangli,Sangli,"2,820,575","8,572",329
ST,Satara,Satara,"3,003,922","10,475",287
SI,Sindhudurg,Oros,"848,868","5,207",163
SO,Solapur,Solapur,"4,315,527","14,895",290
TH,Thane,Thane,"11,060,148","9,558","1,157"
WR,Wardha,Wardha,"1,296,157","6,309",205
WS,Washim,Washim,"1,196,714","5,155",244
YA,Yavatmal,Yavatmal,"2,775,457","13,582",204
Manipur (MN)[edit],State,,,,
BI,Bishnupur,Bishnupur,"240,363",496,415
TH,Thoubal,Thoubal,"420,517",514,713
EI,Imphal East,Porompat,"452,661",710,555
WI,Imphal West,Lamphelpat,"514,683",519,847
SE,Senapati,Senapati,"354,772","3,269",116
UK,Ukhrul,Ukhrul,"183,115","4,547",31
CD,Chandel,Chandel,"144,028","3,317",37
CC,Churachandpur,Churachandpur,"271,274","4,574",50
TA,Tamenglong,Tamenglong,"140,143","4,391",25
Not yet assigned,Jiribam,Jiribam,Survey pending,Pending,Pending
KPI,Kangpokpi (Sadar Hills),Kangpokpi,Survey pending,Pending,Pending
KAK,Kakching,Kakching,Survey pending,Pending,Pending
Not yet assigned,Tengnoupal,Tengnoupal,Survey pending,Pending,Pending
Not yet assigned,Kamjong,Kamjong,Survey pending,Pending,Pending
Not yet assigned,Noney,Noney(Longmai),Survey pending,Pending,Pending
PZ,Pherzawl,Pherzawl,Survey pending,Pending,Pending
Meghalaya (ML)[edit],State,,,,
EG,East Garo Hills,Williamnagar,"317,618","2,603",121
EK,East Khasi Hills,Shillong,"824,059","2,752",292
Not Yet Assigned,East Jaintia Hills,Khliehriat,"122,436","2,115",58
Not Yet Assigned,North Garo Hills,Resubelpara,"118,325","1,113",106
RB,Ri Bhoi,Nongpoh,"258,380","2,378",109
SG,South Garo Hills,Baghmara,"142,574","1,850",77
Not Yet Assigned,South West Garo Hills,Ampati,Survey Pending,Pending,Pending
Not Yet Assigned,South West Khasi Hills,Mawkyrwat,"110,152","1,341",82
WG,West Jaintia Hills,Jowai,"270,352","1,693",160
WG,West Garo Hills,Tura,"642,923","3,714",173
WK,West Khasi Hills,Nongstoin,"385,601","5,247",73
Mizoram (MZ)[edit],State,,,,
AI,Aizawl,Aizawl,"404,054","3,577",113
CH,Champhai,Champhai,"125,370","3,168",39
KO,Kolasib,Kolasib,"83,054","1,386",60
LA,Lawngtlai,Lawngtlai,"117,444","2,519",46
LU,Lunglei,Lunglei,"154,094","4,572",34
MA,Mamit,Mamit,"85,757","2,967",28
SA,Saiha,Saiha,"56,366","1,414",40
SE,Serchhip,Serchhip,"64,875","1,424",46
Nagaland (NL)[edit],State,,,,
DI,Dimapur,Dimapur,"379,769",926,410
KI,Kiphire,Kiphire,"74,033","1,255",66
KO,Kohima,Kohima,"270,063","1,041",213
LO,Longleng,Longleng,"50,593",885,89
MK,Mokokchung,Mokokchung,"193,171","1,615",120
MN,Mon,Mon,"259,604","1,786",145
Not yet assigned,Noklak,Noklak,Survey pending,Pending,Pending
PE,Peren,Peren,"163,294","2,300",55
PH,Phek,Phek,"163,294","2,026",81
TU,Tuensang,Tuensang,"414,801","4,228",98
WO,Wokha,Wokha,"166,239","1,628",120
ZU,Zunheboto,Zunheboto,"141,014","1,255",112
Odisha (OD)[edit],State,,,,
AN,Angul,Angul,"1,271,703","6,347",199
BD,Boudh (Bauda),Boudh,"439,917","4,289",142
BH,Bhadrak,Bhadrak,"1,506,522","2,788",601
BL,Balangir,Balangir,"1,648,574","6,552",251
BR,Bargarh (Baragarh),Bargarh,"1,478,833","5,832",253
BW,Balasore,Balasore,"2,317,419","3,706",609
CU,Cuttack,Cuttack,"2,618,708","3,915",666
DE,Debagarh (Deogarh),Debagarh,"312,164","2,781",106
DH,Dhenkanal,Dhenkanal,"1,192,948","4,597",268
GN,Ganjam,Chhatrapur,"3,520,151","8,033",429
GP,Gajapati,Paralakhemundi,"575,880","3,056",133
JH,Jharsuguda,Jharsuguda,"579,499","2,202",274
JP,Jajpur,Panikoili,"1,826,275","2,885",630
JS,Jagatsinghpur,Jagatsinghpur,"1,136,604","1,759",681
KH,Khordha,Khordha,"2,246,341","2,888",799
KJ,Kendujhar (Keonjhar),Kendujhar,"1,802,777","8,336",217
KL,Kalahandi,Bhawanipatna,"1,573,054","8,197",199
KN,Kandhamal,Phulbani,"731,952","6,004",91
KO,Koraput,Koraput,"1,376,934","8,534",156
KP,Kendrapara,Kendrapara,"1,439,891","2,546",545
ML,Malkangiri,Malkangiri,"612,727","6,115",106
MY,Mayurbhanj,Baripada,"2,513,895","10,418",241
NB,Nabarangpur,Nabarangpur,"1,218,762","5,135",230
NU,Nuapada,Nuapada,"606,490","3,408",157
NY,Nayagarh,Nayagarh,"962,215","3,954",247
PU,Puri,Puri,"1,697,983","3,055",488
RA,Rayagada,Rayagada,"961,959","7,585",136
SA,Sambalpur,Sambalpur,"1,044,410","6,702",158
SO,Subarnapur (Sonepur),Subarnapur,"652,107","2,284",279
SU,Sundargarh,Sundargarh,"2,080,664","9,942",214
Puducherry (PY)[edit],State,,,,
KA,Karaikal,Karaikal,"200,314",160,"1,252"
MA,Mahe,Mahé,"41,934",9,"4,659"
PO,Pondicherry,Pondicherry,"946,600",293,"3,231"
YA,Yanam,Yanam,"55,616",17,"3,272"
Punjab (PB)[edit],State,,,,
AM,Amritsar,Amritsar,"2,490,891","2,673",932
BNL,Barnala,Barnala,"596,294","1,423",419
BA,Bathinda,Bathinda,"1,388,859","3,355",414
FI,Firozpur,Firozpur,"2,026,831","5,334",380
FR,Faridkot,Faridkot,"618,008","1,472",424
FT,Fatehgarh Sahib,Fatehgarh Sahib,"599,814","1,180",508
FA,Fazilka[11],Fazilka,Survey Pending,Pending,Pending
GU,Gurdaspur,Gurdaspur,"2,299,026","3,542",649
HO,Hoshiarpur,Hoshiarpur,"1,582,793","3,397",466
JA,Jalandhar,Jalandhar,"2,181,753","2,625",831
KA,Kapurthala,Kapurthala,"817,668","1,646",501
LU,Ludhiana,Ludhiana,"3,487,882","3,744",975
MA,Mansa,Mansa,"768,808","2,174",350
MO,Moga,Moga,"992,289","2,235",444
MU,Sri Muktsar Sahib,Sri Muktsar Sahib,"902,702","2,596",348
PA,Pathankot,Pathankot,"626,154",929,674
PA,Patiala,Patiala,"2,892,282","3,175",596
RU,Rupnagar,Rupnagar,"683,349","1,400",488
SAS,Sahibzada Ajit Singh Nagar,Mohali,"986,147","1,188",830
SA,Sangrur,Sangrur,"1,654,408","3,685",449
PB,Shahid Bhagat Singh Nagar,Nawanshahr,"614,362","1,283",479
TT,Tarn Taran,Tarn Taran Sahib,"1,120,070","2,414",464
Rajasthan (RJ)[edit],State,,,,
AJ,Ajmer,Ajmer,"2,584,913","8,481",305
AL,Alwar,Alwar,"3,671,999","8,380",438
BI,Bikaner,Bikaner,"2,367,745","27,244",78
BM,Barmer,Barmer,"2,604,453","28,387",92
BN,Banswara,Banswara,"1,798,194","5,037",399
BP,Bharatpur,Bharatpur,"2,549,121","5,066",503
BR,Baran,Baran,"1,223,921","6,955",175
BU,Bundi,Bundi,"1,113,725","5,550",193
BW,Bhilwara,Bhilwara,"2,410,459","10,455",230
CR,Churu,Churu,"2,041,172","16,830",148
CT,Chittorgarh,Chittorgarh,"1,544,392","10,856",193
DA,Dausa,Dausa,"1,637,226","3,429",476
DH,Dholpur,Dholpur,"1,207,293","3,084",398
DU,Dungarpur,Dungarpur,"1,388,906","3,771",368
GA,Ganganagar,Ganganagar,"1,969,520","10,990",179
HA,Hanumangarh,Hanumangarh,"1,779,650","9,670",184
JJ,Jhunjhunu,Jhunjhunu,"2,139,658","5,928",361
JL,Jalore,Jalore,"1,830,151","10,640",172
JO,Jodhpur,Jodhpur,"3,685,681","22,850",161
JP,Jaipur,Jaipur,"6,663,971","11,152",598
JS,Jaisalmer,Jaisalmer,"672,008","38,401",17
JW,Jhalawar,Jhalawar,"1,411,327","6,219",227
KA,Karauli,Karauli,"1,458,459","5,530",264
KO,Kota,Kota,"1,950,491","5,446",374
NA,Nagaur,Nagaur,"3,309,234","17,718",187
PA,Pali,Pali,"2,038,533","12,387",165
PG,Pratapgarh,Pratapgarh,"868,231","4,112",211
RA,Rajsamand,Rajsamand,"1,158,283","3,853",302
SK,Sikar,Sikar,"2,677,737","7,732",346
SM,Sawai Madhopur,Sawai Madhopur,"1,338,114","4,500",257
SR,Sirohi,Sirohi,"1,037,185","5,136",202
TO,Tonk,Tonk,"1,421,711","7,194",198
UD,Udaipur,Udaipur,"3,067,549","13,430",242
Sikkim (SK)[edit],State,,,,
ES,East Sikkim,Gangtok,"281,293",954,295
NS,North Sikkim,Mangan,"43,354","4,226",10
SS,South Sikkim,Namchi,"146,742",750,196
WS,West Sikkim,Geyzing,"136,299","1,166",117
Tamil Nadu (TN)[edit],State,,,,
AY,Ariyalur,Ariyalur,"752,481","3,208",Map
CH,Chennai,Chennai (Madras),"4,681,087",174,Map
CO,Coimbatore,Coimbatore,"3,472,578","7,469",Map
CU,Cuddalore,Cuddalore,"2,600,880","3,999",Map
DH,Dharmapuri,Dharmapuri,"1,502,900","4,532",Map
DI,Dindigul,Dindigul,"2,161,367","6,058",Map
ER,Erode,Erode,"2,259,608","5,714",Map
KL,Kallakurichi,Kallakurichi,Survey pending,Pending,
KC,Kanchipuram,Kanchipuram,"3,990,897","4,433",Map
KK,Kanyakumari,Nagercoil,"1,863,178","1,685",Map
KA,Karur,Karur,"1,076,588","2,901",Map
KR,Krishnagiri,Krishnagiri,"1,883,731","5,086",Map
MA,Madurai,Madurai,"3,991,038","3,676",Map
NG,Nagapattinam,Nagapattinam,"1,614,069","2,716",Map
NI,Nilgiris,Udagamandalam (Ootacamund/Ooty),"735,071","2,549",
NM,Namakkal,Namakkal,"1,721,179","3,429",Map
PE,Perambalur,Perambalur,"564,511","1,752",Map
PU,Pudukkottai,Pudukkottai,"1,918,725","4,651",Map
RA,Ramanathapuram,Ramanathapuram,"1,337,560","4,123",Map
SA,Salem,Salem,"3,480,008","5,245",Map
SI,Sivaganga,Sivaganga,"1,341,250","4,086",Map
TP,Tirupur,Tirupur,"2,471,222","5,106",
TC,Tiruchirappalli,Tiruchirappalli,"2,713,858","4,407",Map
TH,Theni,Theni,"1,243,684","3,066",Map
TI,Tirunelveli,Tirunelveli,"3,072,880","6,703",Map
TJ,Thanjavur,Thanjavur,"2,402,781","3,397",Map
TK,Thoothukudi,Thoothukudi (Tuticorin),"1,738,376","4,594",Map
TL,Tiruvallur,Tiruvallur,"3,725,697","3,424",Map
TR,Tiruvarur,Tiruvarur,"1,268,094","2,377",Map
TV,Tiruvannamalai,Tiruvannaamalai,"2,468,965","6,191",Map
VE,Vellore,Vellore,"3,928,106","6,077",Map
VL,Viluppuram,Viluppuram,"3,463,284","7,190",Map
VR,Virudhunagar,Virudhunagar,"1,943,309","3,446",Map
Telangana (TS)[edit],State,,,,
AD,Adilabad,Adilabad,"708,952","4,185.97",171
Not Yet Assigned,Komaram Bheem Asifabad,Asifabad,"515,835","4,300.16",106
Not Yet Assigned,Bhadradri Kothagudem,Kothagudem,"1,304,811","8,951.00",143
HY,Hyderabad,Hyderabad,"3,441,992","4,325.29",18172
Not Yet Assigned,Jagtial,Jagtial,"983,414","3,043.23",407
Not Yet Assigned,Jangaon,Jangaon,"582,457","2,187.50",259
Not Yet Assigned,Jayashankar Bhupalpally,Bhupalpalle,"712,257","6,361.70",115
Not Yet Assigned,Jogulamba Gadwal,Gadwal,"664,971","2,928.00",208
Not Yet Assigned,Kamareddy,Kamareddy,"972,625","3,651.00",266
KA,Karimnagar,Karimnagar,"1,016,063","2,379.07",473
KH,Khammam,Khammam,"1,401,639","4,453.00",321
Not Yet Assigned,Mahabubabad,Mahabubabad,"770,170","2,876.70",269
MA,Mahbubnagar,Mahbubnagar,"1,318,110","4,037.00",281
Not Yet Assigned,Mancherial,Mancherial,"807,037","4,056.36",201
ME,Medak,Medak,"767,428","2,740.89",275
Not Yet Assigned,Medchal,Malkajgiri,"2,542,203","5,005.98",2251
NA,Nalgonda,Nalgonda,"1,631,399","2,449.79",227
Not Yet Assigned,Nagarkurnool,Nagarkurnool,"893,308","6,545.00",124
Not Yet Assigned,Nirmal,Nirmal,"709,415","3,562.51",185
NI,Nizamabad,Nizamabad,"1,534,428","4,153.00",366
Not Yet Assigned,Peddapalli,Peddapalle,"795,332","4,614.74",356
Not Yet Assigned,Rajanna Sircilla,Sircilla,"546,121","2,030.89",273
RA,Ranga Reddy,Hyderabad,"2,551,731","1,038.00",486
Not Yet Assigned,Sangareddy,Sangareddy,"1,527,628","4,464.87",347
Not Yet Assigned,Siddipet,Siddipet,"993,376","3,425.19",279
Not Yet Assigned,Suryapet,Suryapet,"1,099,560","3,374.47",305
Not Yet Assigned,Vikarabad,Vikarabad,"881,250","3,385.00",274
Not Yet Assigned,Wanaparthy,Wanaparthy,"751,553","2,938.00",268
WL,Warangal (urban),Warangal,"1,135,707","1,304.50",826
Not Yet Assigned,Warangal (rural),Warangal,"716,457","2,175.50",330
Not Yet Assigned,Yadadri Bhuvanagiri,Bhongiri,"726,465","3,091.48",239
Tripura (TR)[edit],State,,,,
DH,Dhalai,Ambassa,"377,988","2,400",157
GM,Gomati,"Udaipur, Tripura","4,36,868",1522.8,287
KH,Khowai[12],Khowai,"3,27,391",1005.67,326
NT,North Tripura,Dharmanagar,"4,15,946",1444.5,288
SP,Sepahijala[13],Bishramganj,"4,84,233",1044.78,463
ST,South Tripura,Belonia,"4,33,737",1534.2,283
UK,Unokoti[14],Kailashahar,"2,77,335",591.93,469
WT,West Tripura,Agartala,"9,17,534",942.55,973
Uttar Pradesh (UP)[edit],State,,,,
AG,Agra,Agra,"4,380,793","4,027","1,084"
AL,Aligarh,Aligarh,"3,673,849","3,747","1,007"
AH,Allahabad,Allahabad,"5,959,798","5,481","1,087"
AN,Ambedkar Nagar,Akbarpur,"2,398,709","2,372","1,021"
CS,Amethi[15],Gauriganj,Survey Pending,Pending,Pending
JP,Amroha,Amroha,"1,838,771","2,321",818
AU,Auraiya,Auraiya,"1,372,287","2,051",681
AZ,Azamgarh,Azamgarh,"4,616,509","4,053","1,139"
BG,Bagpat,Baghpat,"1,302,156","1,345",986
BH,Bahraich,Bahraich,"2,384,239","4,926",415
BL,Ballia,Ballia,"3,223,642","2,981","1,081"
BP,Balrampur,Balrampur,"2,149,066","3,349",642
BN,Banda,Banda,"1,799,541","4,413",404
BB,Barabanki,Barabanki,"3,257,983","3,825",739
BR,Bareilly,Bareilly,"4,465,344","4,120","1,084"
BS,Basti,Basti,"2,461,056","2,687",916
BH,Bhadohi,Gyanpur,"1,554,203",960,"1,531"
BI,Bijnor,Bijnor,"3,683,896","4,561",808
BD,Budaun,Budaun,"3,712,738","5,168",718
BU,Bulandshahr,Bulandshahr,"3,498,507","3,719",788
CD,Chandauli,Chandauli,"1,952,713","2,554",768
CT,Chitrakoot,Karwi,"990,626","3,202",315
DE,Deoria,Deoria,"3,098,637","2,535","1,220"
ET,Etah,Etah,"1,761,152","2,456",717
EW,Etawah,Etawah,"1,579,160","2,287",683
FZ,Faizabad,Faizabad,"2,468,371","2,765","1,054"
FR,Farrukhabad,Fatehgarh,"1,887,577","2,279",865
FT,Fatehpur,Fatehpur,"2,632,684","4,152",634
FI,Firozabad,Firozabad,"2,496,761","2,361","1,044"
GB,Gautam Buddh Nagar,Noida,"1,674,714","1,269","1,252"
GZ,Ghaziabad,Ghaziabad,"4,661,452","1,175","3,967"
GP,Ghazipur,Ghazipur,"3,622,727","3,377","1,072"
GN,Gonda,Gonda,"3,431,386","4,425",857
GR,Gorakhpur,Gorakhpur,"4,436,275","3,325","1,336"
HM,Hamirpur,Hamirpur,"1,104,021","4,325",268
PN,Hapur,Hapur,"1,451,983",Pending,Pending
HR,Hardoi,Hardoi,"4,091,380","5,986",683
HT,Hathras,Hathras,"1,565,678","1,752",851
JL,Jalaun,Orai,"1,670,718","4,565",366
JU,Jaunpur,Jaunpur,"4,476,072","4,038","1,108"
JH,Jhansi,Jhansi,"2,000,755","5,024",398
KJ,Kannauj,Kannauj,"1,658,005","1,993",792
KD,Kanpur Dehat,Akbarpur,"1,795,092","3,021",594
KN,Kanpur Nagar,Kanpur,"4,572,951","3,156","1,415"
KR,Kasganj,Kasganj,"1,438,156","1,955",736
KS,Kaushambi,Manjhanpur,"1,596,909","1,837",897
KU,Kushinagar,Padrauna,"3,560,830","2,909","1,226"
LK,Lakhimpur Kheri,Lakhimpur,"4,013,634","7,674",523
LA,Lalitpur,Lalitpur,"1,218,002","5,039",242
LU,Lucknow,Lucknow,"4,588,455","2,528","1,815"
MG,Maharajganj,Maharajganj,"2,665,292","2,953",903
MH,Mahoba,Mahoba,"876,055","2,847",288
MP,Mainpuri,Mainpuri,"1,847,194","2,760",670
MT,Mathura,Mathura,"2,541,894","3,333",761
MB,Mau,Mau,"2,205,170","1,713","1,287"
ME,Meerut,Meerut,"3,447,405","2,522","1,342"
MI,Mirzapur,Mirzapur,"2,494,533","4,522",561
MO,Moradabad,Moradabad,"4,773,138","3,718","1,284"
MU,Muzaffarnagar,Muzaffarnagar,"4,138,605","4,008","1,033"
PI,Pilibhit,Pilibhit,"2,037,225","3,499",567
PR,Pratapgarh,Pratapgarh,"3,173,752","3,717",854
RB,Raebareli,Raebareli,"3,404,004","4,609",739
RA,Rampur,Rampur,"2,335,398","2,367",987
SA,Saharanpur,Saharanpur,"3,464,228","3,689",939
SM,Sambhal,Sambhal,"2,217,020",,
SK,Sant Kabir Nagar,Khalilabad,"1,714,300","1,442","1,014"
SJ,Shahjahanpur,Shahjahanpur,"3,002,376","4,575",673
SH,Shamli[16],Shamli,Survey Pending,Pending,Pending
SV,Shravasti,Shravasti,"1,114,615","1,948",572
SN,Siddharthnagar,Naugarh,"2,553,526","2,751",882
SI,Sitapur,Sitapur,"4,474,446","5,743",779
SO,Sonbhadra,Robertsganj,"1,862,612","6,788",274
SU,Sultanpur,Sultanpur,"3,790,922","4,436",855
UN,Unnao,Unnao,"3,110,595","4,561",682
VA,Varanasi,Varanasi,"3,682,194","1,535","2,399"
Uttarakhand (UK)[edit],State,,,,
AL,Almora,Almora,"621,927","3,090",198
BA,Bageshwar,Bageshwar,"259,840","2,310",116
CL,Chamoli,Gopeshwar,"391,114","7,692",49
CP,Champawat,Champawat,"259,315","1,781",147
DD,Dehradun,Dehradun,"1,698,560","3,088",550
HA,Haridwar,Haridwar,"1,927,029","2,360",817
NA,Nainital,Nainital,"955,128","3,853",225
PG,Pauri Garhwal,Pauri,"686,527","5,438",129
PI,Pithoragarh,Pithoragarh,"485,993","7,110",69
RP,Rudraprayag,Rudraprayag,"236,857","1,896",119
TG,Tehri Garhwal,New Tehri,"616,409","4,085",169
US,Udham Singh Nagar,Rudrapur,"1,648,367","2,912",648
UT,Uttarkashi,Uttarkashi,"329,686","7,951",41
West Bengal (WB)[edit],State,,,,
AD,Alipurduar,Alipurduar,"1,700,000","3,383",400
BN,Bankura,Bankura,"3,596,292","6,882",523
BR,Paschim Bardhaman,Asansol,"2,882,031","1,603","1,100"
BR,Purba Bardhaman,Bardhaman,"4,835,532","5,433",890
BI,Birbhum,Suri,"3,502,387","4,545",771
KB,Cooch Behar,Cooch Behar,"2,822,780","3,387",833
DD,Dakshin Dinajpur,Balurghat,"1,670,931","2,183",753
DA,Darjeeling,Darjeeling,"1,842,034","3,149",585
HG,Hooghly,Chinsurah,"5,520,389","3,149","1,753"
HR,Howrah,Howrah,"4,841,638","1,467","3,300"
JA,Jalpaiguri,Jalpaiguri,"3,869,675","6,227",621
JH,Jhargram,Jhargram,"1,136,548","3,038",370
KA,Kalimpong,Kalimpong,"251,642","1,054",239
KO,Kolkata,Kolkata,"4,486,679",185,"24,252"
MA,Maldah,English Bazar,"3,997,970","3,733","1,071"
MSD,Murshidabad,Baharampur,"7,102,430","5,324","1,334"
NA,Nadia,Krishnanagar,"5,168,488","3,927","1,316"
PN,North 24 Parganas,Barasat,"10,082,852","4,094","2,463"
PM,Paschim Medinipur,Midnapore,"5,094,238","9,345","1,076"
PR,Purba Medinipur,Tamluk,"4,417,377","4,736",923
PU,Purulia,Purulia,"2,927,965","6,259",468
PS,South 24 Parganas,Alipore,"8,153,176","9,960",819
UD,Uttar Dinajpur,Raiganj,"3,000,849","3,180",956